E_name,E_IDJohn,8steve,5dave,1james,7jeffry,12
jeffry,12
jeffry,12
abc,9
xyz,10
jeffry,12
jeffry,12
abc,9
xyz,10
jeffry,12
jeffry,12
abc,9
xyz,10
eve,4
jeffry,12
jeffry,12
abc,9
xyz,10
eve,4
eve1,40
eve2,24
jeffry,12
jeffry,12
abc,9
xyz,10
eve,4
eve1,40
eve2,24
E_name,E_ID
jeffry,12
jeffry,12
abc,9
xyz,10
eve,4
eve1,40
eve2,24
E_name,E_ID
jeffry,12
jeffry,12
abc,9
xyz,10
eve,4
eve1,40
eve2,24
E_name,E_ID
jeffry,12
jeffry,12
abc,9
xyz,10
eve,4
eve1,40
eve2,24
E_name,E_ID
jeffry,12
jeffry,12
abc,9
xyz,10
eve,4
eve1,40
eve2,24
E_name,E_ID
jeffry,12
jeffry,12
abc,9
xyz,10
eve,4
eve1,40
eve2,24
E_name,E_ID
jeffry,12
jeffry,12
abc,9
xyz,10
eve,4
eve1,40
eve2,24
E_name,E_ID
jeffry,12
jeffry,12
abc,9
xyz,10
eve,4
eve1,40
eve2,24
E_name,E_ID
jeffry,12
jeffry,12
abc,9
xyz,10
eve,4
eve1,40
eve2,24
E_name,E_ID
jeffry,12
jeffry,12
abc,9
xyz,10
eve,4
eve1,40
eve2,24
E_name,E_ID
jeffry,12
jeffry,12
abc,9
xyz,10
eve,4
eve1,40
eve2,24
E_name,E_ID
jeffry,12
jeffry,12
abc,9
xyz,10
eve,4
eve1,40
eve2,24
E_name,E_ID
jeffry,12
jeffry,12
abc,9
xyz,10
eve,4
eve1,40
eve2,24
E_name,E_ID
jeffry,12
jeffry,12
abc,9
xyz,10
eve,4
eve1,40
eve2,24
E_name,E_ID
jeffry,12
jeffry,12
abc,9
xyz,10
eve,4
eve1,40
eve2,24
E_name,E_ID
jeffry,12
jeffry,12
abc,9
xyz,10
eve,4
eve1,40
eve2,24
E_name,E_ID
jeffry,12
jeffry,12
abc,9
xyz,10
eve,4
eve1,40
eve2,24
E_name,E_ID
jeffry,12
jeffry,12
abc,9
xyz,10
eve,4
eve1,40
eve2,24
E_name,E_ID
jeffry,12
jeffry,12
abc,9
xyz,10
eve,4
eve1,40
eve2,24
E_name,E_ID
jeffry,12
jeffry,12
abc,9
xyz,10
eve,4
eve1,40
eve2,24
E_name,E_ID
jeffry,12
jeffry,12
abc,9
xyz,10
eve,4
eve1,40
eve2,24
E_name,E_ID
jeffry,12
jeffry,12
abc,9
xyz,10
eve,4
eve1,40
eve2,24
E_name,E_ID
jeffry,12
jeffry,12
abc,9
xyz,10
eve,4
eve1,40
eve2,24
E_name,E_ID
jeffry,12
jeffry,12
abc,9
xyz,10
eve,4
eve1,40
eve2,24
E_name,E_ID
jeffry,12
jeffry,12
abc,9
xyz,10
eve,4
eve1,40
eve2,24
E_name,E_ID
jeffry,12
jeffry,12
abc,9
xyz,10
eve,4
eve1,40
eve2,24
E_name,E_ID
jeffry,12
jeffry,12
abc,9
xyz,10
eve,4
eve1,40
eve2,24
E_name,E_ID
jeffry,12
jeffry,12
abc,9
xyz,10
eve,4
eve1,40
eve2,24
E_name,E_ID
jeffry,12
jeffry,12
abc,9
xyz,10
eve,4
eve1,40
eve2,24
E_name,E_ID
jeffry,12
jeffry,12
abc,9
xyz,10
eve,4
eve1,40
eve2,24
E_name,E_ID
jeffry,12
jeffry,12
abc,9
xyz,10
eve,4
eve1,40
eve2,24
E_name,E_ID
jeffry,12
jeffry,12
abc,9
xyz,10
eve,4
eve1,40
eve2,24
E_name,E_ID
jeffry,12
jeffry,12
abc,9
xyz,10
eve,4
eve1,40
eve2,24
E_name,E_ID
jeffry,12
jeffry,12
abc,9
xyz,10
eve,4
eve1,40
eve2,24
E_name,E_ID
jeffry,12
jeffry,12
abc,9
xyz,10
eve,4
eve1,40
eve2,24
E_name,E_ID
jeffry,12
jeffry,12
abc,9
xyz,10
eve,4
eve1,40
eve2,24
E_name,E_ID
jeffry,12
jeffry,12
abc,9
xyz,10
eve,4
eve1,40
eve2,24
E_name,E_ID
jeffry,12
jeffry,12
abc,9
xyz,10
eve,4
eve1,40
eve2,24
E_name,E_ID
